Repository,Pushed_on,description,category,useful,Notes
aakb/odaa_ckan , 2014-03-31 11:02:07 , Open data Aarhus - Modified CKAN ,local,,no description; fork CKAN
abulte/ckanext-countapicalls , 2012-08-06 20:51:19 , Simple API dataset hits counter,stats,*,
acouch/puppet-ckan , 2012-08-12 13:15:43 , Puppet manifest for CKAN in Ubuntu / Debian,,,
afomi/datacatalog-imp-colorado-ckan-net , 2010-08-24 18:36:30 , National Data Catalog Importer for colorado.ckan.net,,,
ag242/ckanext-custom_fields , 2013-12-19 15:01:38 , ,unk,,
alexandrainst/ckanext-realtime , 2014-05-03 12:49:45 , Build realtime apps with CKAN,function,,
alexaraujors/dadospoa_theme , 2013-10-10 18:47:58 , Tema para CKAN com customização para o Portal de Dados Abertos da Prefeitura Municipal de Porto Alegre,local,,
alexbyrnes/ckanext-mongodb , 2012-10-20 17:24:25 , CKAN extension for MongoDB,function,,
alexbyrnes/pico-ckan , 2013-04-07 04:40:55 , Easy open data development,function,,
aliceh75/ckanext-dev , 2014-03-25 12:21:49 , ,unk,,
andrewhoppin/OpenNYDemo , 2012-11-20 23:45:23 ," A demo site for OpenNY, an open data initiative for New York State, which adds some New York State data and custom images to the CKAN code base",,,
andytwigg/ckan-tools , 2013-02-15 12:56:12 , some ckan tools,function,,
anibalpacheco/ckanext-agesic , 2014-05-02 22:35:15 , Mirror of http://git.agesic.gub.uy/agesic-arquitectura/ckanext-agesic.git,local,,
AnnaGerber/ckanext-hideorgs , 2014-02-07 05:12:19 , A CKAN 2 plugin that hides the organizations feature from the web interface,function,,
apohllo/CKAN , 2013-06-18 11:48:13 , Ruby Client for Comprehensive Knowledge Archive Network,client,,
aron/ckan-style , 2012-05-21 10:41:46 , Hosting of the CKAN style guide while in development,,,
AwareTI/ckanext-iota , 2013-09-12 18:30:45 , CKAN extension for the IOTA,local,,
B2FIND/ckanext-b2find , 2014-03-26 09:43:29 , ,unk,,
B2FIND/ckanext-datesearch , 2014-03-19 14:04:12 , ,function,,
B2FIND/ckanext-eudatjmd , 2014-03-20 13:12:58 , ,unk,,
B2FIND/md-ingestion , 2014-05-06 16:49:38 ," Ingestion (including OAI harvesting, semantic mapping (see repo 'md-mapping') and uploading to CKAN ) of metadata in the B2FIND portal",harvest,,
bassosimone/nadia , 2011-03-10 17:22:55 , helper scripts for it.ckan.net,,,
berlinonline/ckanext-berlin , 2013-12-03 15:22:40 , CKAN extension for the datenregister.berlin.de portal,local,,
bodacea/ckandump , 2014-03-12 13:10:02 ," Code to grab essential data out of a CKAN node, using the CKAN API",function,,
bodacea/crisisdata , 2013-04-13 14:45:05 , Links to crisis data repositories (stopgap til I get my CKAN working again),junk,,
bopen/ckanext-mapsearch , 2014-03-31 09:56:27 , A CKAN extension to add an scale-aware map-centred search,function,,
calvis/cKanren , 2014-01-13 18:29:27 , Constraint programming language embedded in Racket,junk,,
cgueret/CKAN-network-builder , 2011-10-21 08:53:06 , Extract the content of the LOD cloud from CKAN.net,,,
chrisho711/ckanext , 2013-09-15 14:54:07 , ,unk,,
chungyuen/ckanext-dghk , 2014-04-23 01:49:11 , DGHK CKAN Extension,local,,
chungyuen/dataone-ckanext , 2013-07-25 05:59:45 , ,local,,
CityofOttawa/Ottawa-ckan , 2014-03-18 20:44:22 , City of Ottawa Implementation of ckan (open data portal),local,,
ciudadanointeligente/ckanext-forms , 2012-02-28 18:27:46 , Manages dataset forms in ckan,,,
ciudadanointeligente/ckanext-junar , 2012-04-04 15:27:09 , Connector for ckan to use junar.com,,,
CI-Water-DASYCIM/ckanext-customdataset , 2014-03-21 18:44:43 , This CKAN extension allows creation of specific dataset types for the CIWATER system,local,,
CI-Water-DASYCIM/ckanext-customization , 2014-02-11 17:32:41 , This CKAN extension is for customizing the UI layer of CIWATER Portal.,UI,,
CI-Water-DASYCIM/ckanext-delineate , 2014-04-04 22:14:51 , A CKAN extension for delineating watershed. It uses EPA web service for delineation.,function,,
CI-Water-DASYCIM/ckanext-uebpackage , 2014-03-21 18:58:34 , This is a CKAN extension that builds UEB model packages and runs UEB model. This extension is specific to CI_WATER CKAN instance.,function,,
ck101000xx/ckann-fb , 2013-09-01 06:08:36 , An implementation of ckann for Google AppEngine,junk,,
ckan/ckan , 2014-05-08 20:37:45 ," CKAN is an open-source DMS (data management system) for powering data hubs and data portals. CKAN makes it easy to publish, share and use data. It powers datahub.io, catalog.data.gov and data.gov.uk among many other sites.",function,,
ckan/ckan.github.io , 2014-05-04 10:33:06 , WIP,unk,,
ckan/ckanapi , 2014-03-24 18:53:43 , A command line interface and Python module for accessing the CKAN Action API,UI,,
ckan/ckan-demo-data , 2014-02-06 10:03:53 , Add demo data to a CKAN instance.,function,,
ckan/ckanext-apihelper , 2014-01-01 17:13:20 , API Helper extension.,help,,
ckan/ckanext-archiver , 2013-04-16 14:50:03 , Archive CKAN resources,function,*,
ckan/ckanext-basiccharts , 2014-05-07 01:33:01 ," Line, bar and pie charts for CKAN",function,,
ckan/ckanext-dashboard , 2014-05-06 20:04:18 , Organize views in a single dashboard,function,,
ckan/ckanext-datapackager , 2014-05-08 17:28:48 , CKAN extension for the Open Knowledge Data Packager,function,,
ckan/ckanext-datapusherext , 2014-01-31 14:37:27 , Backport of 2.2 datapusher extension.,function,,
ckan/ckanext-datastorer , 2014-01-29 10:04:53 , Get files from ckan into the webstore.,function,,
ckan/ckanext-dcat , 2013-12-09 19:27:43 , Work in progress: CKAN + DCAT,function,,
ckan/ckanext-disqus , 2014-05-08 04:40:38 , Extension that adds the Disqus commenting system to CKAN,function,,
ckan/ckanext-downloadsdf , 2014-03-04 16:42:24 , ,function,,
ckan/ckanext-googleanalytics , 2014-01-29 09:42:06 ," CKAN extension to integrate Google Analytics data into CKAN. Gives download stats on package pages, list of most popular packages, etc.",function,*,
ckan/ckanext-harvest , 2014-04-30 16:47:23 , Remote harvesting extension for CKAN,harvest,,
ckan/ckanext-intro , 2013-09-15 13:13:10 , A quick interactive introduction to writing CKAN extensions,help,,
ckan/ckanext-mapviews , 2014-05-06 20:05:18 , CKAN Resource View to build maps and choropleth maps,function,,
ckan/ckanext-pages , 2014-04-10 18:36:41 , simple cms,function,*,
ckan/ckanext-persona , 2014-02-28 19:59:41 , A CKAN extension for logging in using Mozilla Persona,,,
ckan/ckanext-qa , 2013-09-18 10:10:36 , CKAN QA Extension,,,
ckan/ckanext-repo , 2014-04-10 05:12:11 , Shows information about the CKAN version an instance is running. Mostly useful for development sites.,function,,
ckan/ckanext-s3archive , 2014-02-25 11:56:55 , Archive CKAN datastore to S3,function,*,
ckan/ckanext-searchhistory , 2014-05-08 10:13:33 , Save search history to be used later for autocomplete and statistics,stats,*,
ckan/ckanext-simplecsvpreview , 2014-03-03 10:50:10 , ,unk,,
ckan/ckanext-spatial , 2014-04-30 17:02:42 , Geospatial extension for CKAN,function,,
ckan/ckanext-viewhelpers , 2014-04-09 20:44:52 , Helpers for creating views for CKAN,help,,
ckan/ckan-packaging , 2014-03-18 14:03:03 , Ansible scripts to package ckan,install,,
ckan/ckan-service-provider , 2014-01-31 12:17:45 , An example ckan data processing service,function,,
ckan/datapusher , 2014-03-07 00:23:14 , A standalone service that automatically migrates data to the CKAN DataStore,function,,
ckan/example-add-dataset , 2014-04-09 10:26:53 , Example script that uses the CKAN API to create a dataset and upload some files to it,function,,
ckan/example-earthquake-datastore , 2014-04-18 08:08:50 , An example script that sets up and periodically updates a CKAN DataStore table with earthquake data from the NGDS,function,,
ckan/example-update-datastore , 2014-02-06 13:33:31 , Example script that uses the CKAN API to create a dataset and upload some data to its DataStore,function,,
ckan/ideas-and-roadmap , 2014-03-13 18:27:45 , CKAN Feature Ideas and Roadmap,help,,
ckan/trac.ckan.org , 2014-05-02 22:52:28 , Backup of CKAN's deprecated Trac instances (issues are now on GitHub),junk,,
ckandoth/ckandoth.github.io , 2014-02-12 04:13:20 , My GitHub page,junk,,
clofresh/openjc , 2013-12-04 06:44:47 , demo ckan deployment for Open JC,local,,
cm3/ckan.po-ja , 2012-08-09 03:37:09 , japanese gettext file for i18n in CKAN project (https://github.com/cm3/ckan),,,
cmhedrick/ckan-tools , 2014-02-06 19:48:40 , CKAN tools to make dataset management easier.,function,*,
CodeandoMexico/ckan_api , 2014-04-28 23:03:05 , A Ruby CKAN API Wrapper,API,,
CodeandoMexico/ckanext-datamx_theme , 2014-05-06 20:21:49 , Codeando Mexico's Custom Theme CKAN Extension.,local,,
CodeForAfrica/ckanext-openafrica , 2014-04-18 08:58:05 , CKAN extension for Open Africa.,local,,
codeforjapan/ckanext-dataforjapan , 2014-04-07 12:04:27 , CKAN extension for Data for Japan,local,,
conwetlab/ckanext-datastore_restful , 2014-05-08 11:10:53 , Extension that provides a fully Restful API to access the data contained in the DataStore. ,API,,
Conzar/ckan-puppet , 2014-01-15 02:00:45 , A puppet module that manages and deploys CKAN.,install,,
csk157/ckanext-alexandra , 2013-09-27 08:40:27 , ,unk,,
CSTARS/ceres-ckan-migration , 2014-04-01 17:54:16 , Node migration scripts for moving CERES to the CKAN system,junk,,
CSTARS/ckanext-ceres , 2014-03-31 21:04:14 , Ceres CKAN Extension,local,,
CSTARS/ckanext-esis , 2014-05-08 21:23:23 , Ckan extension adding additional fields and controls for spectral data,function,,
CSTARS/ckan-mqe-importer , 2014-02-12 19:17:20 , package for exporting ckan data to the mongo-query-engine,function,,
cygri/ckan_link_sync , 2012-01-23 11:50:30 , Turn “link:xxx” style CKAN API extra fields into proper CKAN relationships,,,
dadosgovbr/ckanext-dadosgovbr , 2012-03-26 17:52:21 , CKAN theme for the brazilian open data portal,,,
daphizzle/CKANImport , 2014-03-14 15:54:04 , ,harvest,,
datagovau/ckanext-agls , 2014-04-02 03:14:09 , AGLS metadata extension for CKAN,metadata,,
datagovau/ckanext-datagovau , 2014-04-02 03:17:49 , Site specific customisations for the hosting of data.gov.au.,local,,
datagovau/ckanext-dga-stats , 2014-04-02 03:17:32 , CKAN's built-in Statistics plugin modified for data.gov.au,stats,,
datagovau/ckanext-ga-report , 2014-04-02 03:21:27 , Google analytics report for CKAN,stats,*,
datagovau/dga-spatialingestor , 2014-04-02 03:32:33 , Update Geoserver/PostGIS from spatial CKAN datasets,spatial,*,
datagovuk/ckanext-certificates , 2014-03-04 12:37:32 , Retrieval and helpers for ODI Open Data certificates,function,,
datagovuk/ckanext-datapreview , 2014-03-07 13:10:07 , Data preview for ckan from local resource cache,function,,
datagovuk/ckanext-datastore , 2012-09-11 11:58:40 , ,,,
datagovuk/ckanext-dgu , 2014-05-08 20:15:42 , CKAN extension for data.gov.uk,local,,
datagovuk/ckanext-dgu-local , 2014-03-18 13:23:12 , Support for harvesting from Local Authorities,harvest,,
datagovuk/ckanext-ga-report , 2014-03-05 21:46:49 ," For creating detailed reports of CKAN analytics, sliced by group",stats,*,
datagovuk/ckanext-hierarchy , 2014-01-13 16:55:43 , Organization hierarchy - CKAN extension,function,*,
datagovuk/ckanext-linkfinder , 2013-03-13 15:41:10 , Finds links on resources that are actually html pages,function,*,"Sometimes when adding resources to CKAN, users mistakenly add a link to the page containing links to the data rather than the data itself. This extension attempts, for a given resource to find the actual resources on the page. This will only cover some cases and isn't a solution that will fix every problem. By using an assortment of CSS, XPath and Regex on a per url (or per publisher) basis it is possible to find the important links in a HTML page"
datagovuk/ckanext-os , 2014-02-10 12:58:09 , Spatial widgets developed in mainly by Ordnance Survey (CKAN extension),spatial,*,
datagovuk/ckanext-redmine , 2013-12-19 09:38:51 , Contact/Issues form backed by redmine,function,,
datagovuk/dgu_solr , 2014-03-19 10:06:35 , DGU Solr configuration for Drupal and CKAN,SOLR,,
datagovuk/dgu-joint-assets , 2013-07-02 11:31:08 , Joint assets required across CKAN and Drupal deployments of data.gov.uk.,drupal,,
datagovuk/shared_dguk_assets , 2014-05-07 09:02:06 , Source for DGUK assets shared by both CKAN and Drupal.,drupal,,
datagvat/ckanext-dgvat , 2014-01-07 11:44:45 , ,unk,,
datagvat/ckanext-dgvat_harvest , 2014-01-07 11:44:58 , ,harvest,,
datagvat/ckanext-dgvat_por , 2014-01-07 11:45:12 , ,unk,,
datalocale/ckan-doc-fr , 2012-08-23 12:04:43 , traduction de la documentation de ckan en français,,,
datalocale/ckanext-datalocale , 2013-06-11 20:23:07 , extension CKAN développée pour le projet http://catalogue.datalocale.fr,local,,
datalocale/drupal-datalocale , 2013-02-20 16:20:37 , Module drupal permettant la récupération des données de l'entrepôt CKAN Datalocale,local,,
dataprev/ckan-loader , 2013-07-22 03:13:53 ," Aplicação escrita em Jython. Funciona em uma máquina virtual Java. Sua finalidade é apoiar a carga de diversos recursos de dados, de forma batch, no catálogo de dados abertos por intermédio da api rest do CKAN.",harvest,,
davidmegginson/ckan-tools , 2014-05-05 17:46:05 , PHP scripts for uploading humanitarian data to CKAN,harvest,,
dgraziotin/libckan , 2013-03-29 12:58:14 , Python library for OKFN CKAN APIv3. ,API,,
domoritz/ckanext-krzn , 2013-11-08 20:30:22 , Custom CKAN extension for KRZN,local,,
DrGonzoWV/CKAN_Vanilla , 2012-11-20 15:36:07 , Base CKAN project,,,
dvcama/ckan2triples , 2014-01-07 10:06:05 , ,function,rdf,
dvcama/ckanExport2triples , 2014-01-07 10:05:15 , ,function,rdf,
eccenca/ckanext-diachron , 2013-09-20 21:49:50 , ,unk,,
eddietejeda/ckan-openoakland-template , 2012-07-21 01:14:58 , ,,,
enal/ckanext-authz , 2013-09-05 13:31:15 , ckan-plugin for providing ckan-1.x authorization functions in ckan-2.x ,function,,
ericbusboom/sdrdl-ckan-design , 2013-01-21 04:42:51 , Customizations to the CKAN data repository for the SDRDL Design,local,,
ericwsawyer/ckan-install , 2014-04-10 10:36:39 , ,install,,
EsriDE/OpenDataBridge , 2014-03-04 14:43:45 , Links open data catalogs like CKAN or CSW to ArcGIS Online,catalog,,
etalab/ckanext-etalab , 2014-01-17 14:42:28 , CKAN extension for data.gouv.fr site,local,,
etalab/ckanext-fedmsg , 2013-10-05 20:01:23 , CKAN extension for sending activity events to the Fedora Infrastructure Message Bus (fedmsg),function,,
etalab/ckanext-oauth2 , 2014-04-22 13:54:39 , OAuth2 support for CKAN,authentication,*,
etalab/ckanext-sentry , 2014-04-22 13:50:21 , Sentry support for CKAN,authentication,,
etalab/ckanext-youckan , 2014-02-26 14:22:08 , YouCKAN connector for CKAN,function,,
etalab/ckan-of-worms , 2014-01-17 14:40:11 , A logger for errors found in CKAN datasets,function,*,
etalab/ckan-toolbox , 2014-02-21 17:53:56 , Various modules that handle CKAN API and data,function,,
etalab/cowbots , 2014-01-31 10:07:14 , Error detection bots for Ckan-of-Worms,function,,
etalab/etalab-ckan-harvesters , 2014-04-23 16:53:16 , Harvesters for Etalab CKAN,harvest,,
etalab/etalab-ckan-scripts , 2014-04-25 21:10:36 , Various scripts that handle Etalab datasets in CKAN repository,local,,
etalab/etalab-to-ckan , 2013-12-13 17:38:02 , Tools to help migration of data.gouv.fr to CKAN,local,,
etalab/udata-cow , 2014-05-05 10:17:40 , CKAN-Of-Worms support for uData,function,,
etalab/weckan , 2014-04-19 12:33:47 , Web application using CKAN model,UI,,
evo42/OffeneDaten , None , Open Data CKAN Verzeichnis offenedaten.at /.eu /.ch /.net ,junk,,
fadmaa/grefine-ckan-storage-extension , 2014-01-31 17:20:00 , Upload data directly from within Google Refine to CKAN using CKAN storage API,function,,
formwandler/ckanext-odmetheme , 2014-04-20 07:48:53 , Custom CKAN theme for Offene Daten Mettmann http://demo.offene-daten.me,local,,
fprieur/ckanext-export_users , 2014-02-13 16:42:58 , ,function,,
fprieur/ckanext-vdmauth , 2014-01-15 21:34:01 , ,unk,,
fprieur/test-ckan , 2014-05-02 21:17:34 , ,unk,,
fprieur/vcd , 2014-04-24 17:55:25 , Vagrant Ckan Development,install,,
fraunhoferfokus/ckanclient-java , None , ,junk,,
fraunhoferfokus/ckanext-berlin , 2012-02-15 11:23:01 , ,,,
fraunhoferfokus/ckanext-govdatade , 2014-03-14 16:27:39 , GovData.de specific CKAN extension,local,,
fraunhoferfokus/ckanext-stromnetzberlin , 2013-06-25 10:07:42 , ckanext-stromnetzberlin,local,,
fredericprieur/ckan-bulk-add-member-to-groups , 2014-03-24 14:49:00 , ,function,,
fredericprieur/ckan-bulk-license-change , 2014-03-13 21:06:08 , Script for bulk change of all the datasets in a given ckan instance,function,bulk update,
fredericprieur/ckan-vdm-utils , 2014-04-22 19:18:02 , ckan-vdm-utils,unk,,
friendlycode/ckanext-datagr , 2014-02-12 03:39:16 , CKAN extension for data.grcity.us customizations,local,,
FuhuXia/ckanphpimport , 2013-11-26 17:58:51 , A PHP script to import data from source json into inventory CKAN site.,harvest,*,
fumi/ckanext-fake-datagojp , 2014-04-17 09:13:26 , ckan extension for datago.jp which is a mirror site of data.go.jp,local,,
fumi/ckanext-mimetypes , 2014-03-25 14:49:30 , Custom mimetypes extension,function,,
fusionx1/custom-ckan , 2012-07-04 13:04:40 , ,,,
genhan2011/ckan-vagrant , 2012-12-18 21:42:14 , A Vagrant VM for CKAN development environment,install,,
georgepm/ckanext-sparql , 2013-11-20 23:30:33 , SPARQL Interface for Ckan,API,rdf,
geosolutions-it/ckanext-cmre , 2014-03-24 17:08:23 , Custom Template for CMRE,local,,
geosolutions-it/ckanext-ecportal , 2014-04-16 15:46:53 , EC PORTAL,local,,
geosolutions-it/ckanext-geonetwork , 2014-03-07 12:27:42 , GeoNetwork harvester for CKAN,harvest,,
geosolutions-it/ckanext-mapstore , 2014-04-16 11:46:22 , CKAN Extension for MapStore Preview and GeoStore Harvesting,harvest,,
geosolutions-it/ckanext-spatial-cerco , 2013-10-30 13:07:31 , ,spatial,,
geosolutions-it/doc-cmre-ckan , 2014-03-11 16:43:09 , ,unk,,
ghing/python-ckansql , 2013-04-02 19:55:20 , A Python Database API wrapper to a CKAN Datastore's SQL endpoint,API,,
ghing/python-peewee_ckansql , 2013-04-02 19:58:56 , A Peewee datatabase driver that connects to a CKAN Datastore's SQL endpoint,function,,
GSA/ckanext-geodatagov , 2014-05-05 17:53:00 , data.gov extension,local,*,
GSA/ckanext-saml2 , 2013-05-21 10:25:54 , SAML2 Athentication extension,authentication,,
GSA/ckan-php-client , 2014-04-16 19:17:31 , ,client,,
GSA/ckan-php-manager , 2014-04-16 20:23:49 , ,function,,
GSA/enterprise-data-inventory , 2013-11-08 18:36:20 , The Enterprise Data Inventory is a CKAN based data management system for private and public data management,help,,Currently this repository is being used to provide documentation and an issue tracker for the GSA hosted instance of CKAN provided to help agencies in need implement the Enterprise Data Inventory requiements of Project Open Data
gsi-cyberjapan/ckanext-basemaps , 2014-03-14 05:36:59 , ckanext basemaps plugin,spatial,,
gsi-cyberjapan/jmp2ckan , 2014-03-28 08:21:27 , This tool is to transfer from JMP2.0 XML files to CKAN datasets.,harvest,,
handygeospatial/vagrant-ckan-installlog , 2013-06-24 17:52:31 , Install log for CKAN 2.0 with Japanese language settings to Ubuntu 12.04 in VirtualBox in Vagrant in OS X,local,,
harripal/ckanext-shibboleth , 2012-09-05 07:20:06 , Shibboleth authentication plugin for CKAN,authentication,,
harvestchoice/ar-ckan , 2013-11-18 21:30:38 , AfricaRISING CKAN repository,local,,
harvestchoice/hoa-ckan , 2013-11-18 23:56:10 , HoA CKAN repository,local,,
hbunke/ckanext-idatasetform_bug , 2013-09-20 12:48:29 , just a bug demo,junk,,
hcapello/Sources , 2013-12-04 21:27:16 , CKAN Development Test,junk,,
Helsingin-kaupungin-tietokeskus/ckanext-hrifi , 2014-05-07 13:01:35 , CKAN theme for ckan.hri.fi,local,,
Helsingin-kaupungin-tietokeskus/ckanext-multiedit , 2014-05-07 13:08:07 , Multiedit extension for CKAN,function,,
henrikkorsgaard/CKANAdmin , 2013-05-31 12:05:27 , initial commit,unk,,
HHS/ckanext-datajson , 2014-04-18 17:37:01 , for POD /data,unk,,
Hoedic/ckanext-recaptcha , 2013-09-24 18:57:46 , Correct the bug for the missing recaptcha widget at registration,function,,
IATI/IATI-Registry-Refresher , 2014-04-07 23:30:17 ," A few scripts to pull IATI data from the web, based on the information in iatiregistry.org, and using the CKAN API",harvest,,
icmurray/ckan , 2012-03-09 10:02:17 , Comprehensive Knowledge Archive Network,,,
IKTLinzGmbH/ckan_java_bridge , 2012-11-24 20:24:57 , Java API to access the CKAN REST interface ,API,,
ilrt/ckanext-oaipmh , 2012-09-04 13:00:38 , OAI PMH extension to CKAN,harvest,*,
jandemter/lodstats_www , 2013-07-01 18:55:25 ," web interface for lodstats, syncs with CKAN instances",stats,,"LODStatsWWW uses LODStats (https://github.com/AKSW/LODStats) to compute various configurable statistics about datasets adhering to the Resource Description Framework (RDF). Datasets can either be entered manually, via a RESTful webservice or may automatically be synced from a CKAN (http://ckan.org/) instance."
jb-eglobaltech/demo-ckan , 2013-08-06 20:50:37 , ,junk,,
jeffnb/lvinmatesearch , 2013-12-13 21:03:17 , simple flask site to search a ckan dataset,UI,,
jeffreybarke/Ckan_client-PHP , 2010-08-22 19:01:15 , A PHP client for the CKAN (Comprehensive Knowledge Archive Network) API.,,,
jesusredondo/caceresabierto , 2013-11-08 12:41:44 , CKAN extension for the caceresabierto.es catalog.,local,,
jgsmith/ckanext-dhdata , 2013-09-04 23:01:04 , CKAN extension packaging up customizations for dhdata.org.,local,,
jimcraner/ckan-theme-tests , 2012-08-28 22:52:09 , Testing CKAN theme modifications.,,,
jimmccusker/ckanext-arrayexpress , 2013-02-11 19:39:08 , An ArrayExpress importer for CKAN.,harvest,,
jimmccusker/ckanext-datapub , 2013-02-16 06:49:20 , ,unk,,
jindrichmynarz/RDF-to-CKAN-import , 2013-09-12 16:49:33 , RDF to CKAN importer,harvest,rdf,
jlouhio/ckanext-datahubsuomi , 2012-12-20 15:22:07 , Customizations for the finnish CKAN http://fi.thedatahub.org,,,
jmwenda/ckanext-nationdata , 2013-02-06 00:40:53 , ckanext-nationdata,unk,,
jnews0n/SV-CKAN , 2014-04-08 02:14:16 , Changes to Default CKAN,unk,,
joetsoi/ckanext-astro , 2014-02-08 02:33:41 , A ckan extension that automatically parses FITS files and adds it's headers to the resource metadata and generates a jpg preview,harvest,,
jonlazaro/ckanext-sourceplanet , 2012-11-28 00:46:37 , CKAN extension for SourcePlanet project,,,
jonlazaro/ckanext-sparql , 2014-03-11 08:36:43 , ,function,rdf,
JoshData/datastore-loader , 2014-01-24 13:58:12 , Utility script to load tabular data into the CKAN Datastore.,function,,
joshua5201/ckann , 2013-09-07 05:41:16 , Automatically post CKHS's announcements to FB,junk,,
jrmerz/node-ckan , 2014-04-01 17:12:48 , Node.js wrapper for CKAN api,function,*,
jsonmurphy/ckan-buildout , 2013-04-19 19:52:25 , Buildout configuration for the ckan platform,unk,,
karluiz/ckan , 2013-03-15 14:25:35 , ckan pruebas,junk,,
kata-csc/ckanext-ddi , 2014-05-07 12:27:14 , DDI import tool for CKAN,harvest,,
kata-csc/ckanext-irods , 2012-09-05 09:09:21 , iRODS extension for CKAN.,,,
kata-csc/ckanext-kata , 2014-05-08 12:15:10 , KATA extensions for CKAN,local,,
kata-csc/ckanext-metadata , 2012-09-05 09:10:02 ," Universal metadata harvester for CKAN, uses DDI and OAI-PMH harvesters to streamline the harvesting to one harvester.",harvest,,
kata-csc/ckanext-oaipmh , 2014-05-07 12:36:34 , OAI PMH extension to CKAN,function,*,
kata-csc/ckanext-rems , 2014-05-05 16:16:20 , ,unk,,
kata-csc/ckanext-shibboleth , 2014-05-05 15:28:03 , CKAN shibboleth identification plugin,authentication,*,
kata-csc/ckanext-sitemap , 2012-09-05 09:11:54 , Sitemap search engine support for CKAN,function,,
kata-csc/ckanext-urn , 2012-09-05 09:12:38 , URN fetching extension for CKAN,,,
keitheis/ckan-intro-zh_TW , 2013-07-10 16:27:29 ," ?????????CKAN, Drupal, CiviCRM ???????????????  ???CKAN - ??????  ???CKAN ?????????????????  http://registrano.com/events/3ac818",local,,
kindly/ckan_dockered , 2014-02-06 09:55:40 , base container for ckan.,unk,,
kindly/ckan_pycsw_import , 2013-04-02 19:53:50 , ,harvest,,
kindly/ckan-azure , 2013-10-14 15:12:23 , ckan-azure,unk,,
kindly/ckanext-spatial , 2011-10-12 00:08:44 , ,,,
kindly/ckantest , 2011-11-10 18:34:25 , Comprehensive Knowledge Archive Network,,,
knudmoeller/ckanext-test , 2013-03-15 11:36:41 , Minimal CKAN Plugin for testing purposes,junk,,
knudmoeller/ckan-vagrant-puppet , 2012-11-14 12:37:33 , experimental vagrant+puppet recipe for CKAN1.8,,,
KPEBETKA/FuCkan , 2014-02-24 20:42:45 , Little and fast scanner with monitoring changes in the state port mapping,junk,,
larsyencken/ckan-vm , 2013-11-15 04:49:07 , A Vagrant virtual machine for the CKAN open source data portal.,install,,
lassesvestergaard/aarhusmiddleware , 2013-05-29 11:29:54 , Middleware for harvesting proprietary data and put into CKAN,harvest,,
lassesvestergaard/ckan , 2013-05-01 16:59:24 ," Create, insert and retrieve data from a CKAN instance",function,,
Launch-with-1-Click/aws-ckan , 2014-04-19 07:43:06 ," CKAN, the world’s leading  open-source data portal platform - See more at: http://ckan.org/",unk,,
LeeDongHoon/ckancustomfield , 2013-07-30 02:13:09 , ,unk,,
LeeDongHoon/ckancustomfieldtest1 , 2013-07-29 08:29:07 , ,junk,,
LeeDongHoon/ckanextcustomfields , 2013-07-30 02:20:40 , ,unk,,
LeeDongHoon/ckanext-MYEXTENSION , 2013-07-26 01:59:12 , ckanext-MYEXTENSION,unk,,
LeeDongHoon/ckanfields , 2013-07-30 05:21:51 , ,unk,,
LeedsDataMill/Ckan , 2014-03-10 13:17:06 , Ckan,unk,,
leggers/ckan_skin , 2014-05-05 02:11:26 , ,unk,,
lightbase/ckanext-datadaemon , 2012-10-08 18:48:35 , Ckan based datadaemon that loads an RDF and store it as a resource,,,
lightbase/ckanext-lightbase , 2012-10-08 18:52:06 , Lightbase extension for Ckan,,,
liyouyiyi/CKAN_Code , 2013-10-09 10:41:05 , ,unk,,
liyouyiyi/CKAN1.8 , 2013-10-09 10:17:40 , ,unk,,
liyouyiyi/test1 , 2013-10-09 09:34:24 , It is the code of CKAN1.8,junk,,
lizardsystem/odp , 2013-11-12 13:44:20 , Open Data Portal based on CKAN,function,,
lncd/CKAN-SWORD , 2012-09-13 13:52:58 , CKAN SWORD extension,,,
lod-cloud/ckan-lod-validator , 2012-01-05 15:48:29 , CKAN LOD Validator,,,
Luckisstar/ckanext-ggmeta , 2013-11-27 09:37:34 , Custom Metadata for GG,metadata,,
lukec/net-ckan , 2010-04-04 17:24:21 , A Perl REST client for CKAN,,,
maulikkamdar/ckanext-feedback , 2014-04-11 14:13:11 , Naive code to include a simple feedback form for submitting data requests the CKAN System. ,function,*,
memaldi/ckanext-silk , 2014-03-11 08:36:16 , A plugin to integrate Silk Link Discovery Framework into CKAN,function,,
miccolis/portal , 2012-02-06 01:48:02 , Data directory CouchApp. A simplified CKAN,,,
momochen/dcockan , 2013-03-08 22:38:46 , DCO customization on CKAN,unk,,
murphy99/CIDP , 2013-09-02 15:02:48 , CIDP - CKAN ,unk,,
NaturalHistoryMuseum/ckanext-dev , 2014-04-01 11:36:44 , CKAN extention for development tools.,unk,,
NaturalHistoryMuseum/ckanext-map , 2014-05-07 10:56:36 , Map visualisation for NHM CKAN,spatial,,
NaturalHistoryMuseum/ckanext-nhm , 2014-04-17 14:14:42 , CKAN extension for data.nhm.ac.uk,local,,
NaturalHistoryMuseum/dataportal-server-provision , 2014-05-06 16:25:30 ," Provision script for dataportal servers (postgres, solr, ckan application server)",install,,
ngds/ckanext-geoserver , 2014-04-15 17:49:47 , ,spatial,,
ngds/ckanext-ngds , 2014-04-28 18:43:01 , CKAN extension for NGDS-specific customizations,function,,
ngds/install-and-run , 2014-05-06 16:42:21 ," Use this repository's issue tracker to post comments, bug reports, and help questions on installing and running NGDS CKAN.",install,,
nigelbabu/ckandashboard , 2013-03-18 04:33:38 , Dashboard for CKAN bugs,function,,
nigelbabu/ckanext-countrycodes , 2013-12-13 10:25:34 , ,function,,
nuams/ckanext-cmap , 2012-09-28 19:14:42 , ,,,
nuams/OpenNYDemo , 2012-11-21 06:13:27 ," A demo site for OpenNY, an open data initiative for New York State, which adds some New York State data and custom images to the CKAN code base",,,
nullbox/ckan-2.2-vagrant-bash , 2014-04-30 11:03:12 , Vagrant / shell scripts to build up fresh CKAN 2.2 instance,install,,
nullbox/ckan-streamcatalog , 2014-04-30 11:12:23 , Stream Catalog extends CKAN to support data stream publishing and subscription,function,,
OCHA-DAP/hdx-ckan , 2014-05-08 16:06:21 , A repo for HDX's configurations and extensions to CKAN,local,,
OCHA-DAP/HDX-CKAN_Setup , 2014-05-08 12:44:09 , Shell scripts to configure the CKAN collections and groups,function,,
ochidam/ckanext , 2013-12-24 05:25:44 , ,unk,,
ogdch/ckanext-foph , 2014-02-21 16:11:44 , Harvester for the Federal Office of Public Health (FOPH),harvest,,
ogdch/ckanext-fso , 2014-02-20 17:54:16 , Harvester for the Swiss Federal Statistical Office (FSO),harvest,,
ogdch/ckanext-meteoswiss , 2014-02-20 17:46:09 , Harvester for the Federal Office of Meteorology and Climatology MeteoSwiss,harvest,,
ogdch/ckanext-noregistration , 2014-02-20 17:44:41 , Plugin to disable user registration on a CKAN instance,function,,
ogdch/ckanext-ogdch , 2014-02-21 13:02:14 , CKAN templates and translations for opendata.admin.ch,local,,
ogdch/ckanext-ogdch_actions , 2014-02-20 17:46:50 , Additional action APIs for opendata.admin.ch,unk,,
ogdch/ckanext-sfa , 2014-02-20 17:49:53 , Harvester for the Swiss Federal Archives (SFA),harvest,,
ogdch/ckanext-snl , 2014-05-08 15:36:39 , Harvester for the Swiss National Library (SNL),harvest,,
ogdch/ckanext-swisstopo , 2014-02-21 07:58:33 , Harvester for the Federal Office of Topography swisstopo,harvest,,
ogdch/ckanext-transharvest , 2014-02-20 16:50:35 , Harvester for term_translations,harvest,,
ogdch/ckanext-zhgis , 2014-02-14 12:46:25 , Harvester for the Office for Spatial Development of the Canton of Zurich,harvest,,
ogdch/ckanext-zhstat , 2014-02-20 17:51:47 , Harvester for the Statistical Office of Canton of Zurich,harvest,,
okfde/ckanext-offenedaten , 2013-04-13 18:50:13 , CKAN extension for OffeneDaten.de,local,,
okfn/ckan.js , 2014-05-07 14:39:37 , Javascript client library for CKAN with support for Node and the browser. It also provides a Recline compatible backend.,function,*,
okfn/ckanbuild , 2013-04-22 14:39:58 , build script for setting up ckan,install,,
okfn/ckanclient-deprecated , 2014-03-01 16:13:14 , DEPRECATED - please see https://github.com/ckan/ckanapi. [Python client library for CKAN],junk,,
okfn/CKANClient-J , 2012-05-16 14:07:07 , Java client library for interacting with CKAN,,,
okfn/ckan-datastore-export-service , 2013-03-21 20:47:19 , DO NOT USE: Use datastore dump instead,junk,,
okfn/ckan-drupal , 2011-08-11 11:41:25 , Everything to do with ckan drupal integration.,,,
okfn/ckan-es-migrate-datastore , 2012-10-08 10:11:36 , Migrate elasticsearch to the CKAN datastore,function,,
okfn/ckanexpress.com , 2014-04-16 15:04:47 , CKAN Express (WIP),unk,,
okfn/ckanext-aerc , 2012-08-01 16:09:52 , AERC demo plugin,,,
okfn/ckanext-apps , 2012-10-22 12:34:46 , [DEPRECATED - now part of CKAN core as of v1.7] Apps and ideas catalogue extension for CKAN. Associate apps and ideas to datasets.,,,
okfn/ckanext-barnet , 2014-04-25 12:07:52 , ,unk,,
okfn/ckanext-colombia , 2012-10-02 08:52:54 , ,,,
okfn/ckanext-csw , 2012-10-19 10:57:55 , ,,,
okfn/ckanext-datacatalogs , 2014-02-04 09:25:00 , CKAN datacatalogs.org theme,local,,
okfn/ckanext-datagm , 2013-07-05 03:38:13 , Code and theme for the Data GM Open Data Portal at http://datagm.org.uk/,local,,
okfn/ckanext-datahub , 2014-01-18 16:17:44 , Plugin for datahub,unk,,
okfn/ckanext-datanl , 2011-12-09 12:26:37 , ,,,
okfn/ckanext-datano , 2011-12-01 12:00:49 , ,,,
okfn/ckanext-deliverance , 2011-12-01 12:18:06 , ,,,
okfn/ckanext-demo , 2014-04-22 09:39:20 , ckan demo site extension,junk,,
okfn/ckanext-demo-classic , 2012-05-08 14:24:46 , CKAN Demo Extension.,,,
okfn/ckanext-dgutheme , 2012-02-17 13:28:02 , ,,,
okfn/ckanext-drupal , 2011-07-15 14:15:46 , drual integration,,,
okfn/ckanext-drupal7 , 2013-06-17 10:29:05 , Drupal7 authentication for ckan,authentication,,
okfn/ckanext-ecportal , 2013-11-18 11:30:24 , CKAN extension for the European Union Open Data Portal,local,,
okfn/ckanext-edo , 2013-10-22 09:30:36 , ,unk,,
okfn/ckanext-example , 2012-03-21 15:47:26 , CKAN Extension that demonstrates some common patterns for customising a CKAN instance.,,,
okfn/ckanext-feedcontent , 2012-05-31 13:08:23 , Allows for content from rss/atom feeds to be inserted into pages.,,,
okfn/ckanext-follower , 2011-11-29 10:10:06 , CKAN Follower Extension,,,
okfn/ckanext-geo , None , ,junk,,
okfn/ckanext-ghana , 2012-10-03 13:38:29 , Demo site for Ghana,,,
okfn/ckanext-glasgow , 2014-04-16 10:31:14 , CKAN Extensions specific to Open Glasgow,local,,
okfn/ckanext-hampshire , 2012-10-03 09:36:46 , Extension for hampshire,,,
okfn/ckanext-hidegroups , 2013-10-07 15:50:56 , A CKAN 2 extension that removes CKAN's groups feature from the web interface,function,,
okfn/ckanext-hideorganizations , 2013-05-31 22:48:58 , A CKAN 2 extension that removes CKAN's organizations feature,function,,
okfn/ckanext-htsql , 2012-10-01 12:37:16 , An extension that enables htsql queries for the new datastore.,,,
okfn/ckanext-iati , 2014-05-08 14:17:25 , CKAN extension for the IATI Registry,local,,
okfn/ckanext-importlib , 2014-01-28 16:03:22 , ,unk,,
okfn/ckanext-inspire , 2012-10-19 11:00:54 , ,,,
okfn/ckanext-issues , 2014-04-22 14:45:36 , CKAN Issues Extension,function,*,
okfn/ckanext-kenya , 2012-08-01 16:19:21 , ,,,
okfn/ckanext-moderatededits , 2011-11-29 10:13:07 , Moderated Edits extension for CKAN 1.4,,,
okfn/ckanext-mx , 2013-12-18 20:42:22 , Theme for datos.gob.mx,local,,
okfn/ckanext-nsw , 2013-10-18 12:14:05 , ,unk,,
okfn/ckanext-oauth , 2011-12-01 12:02:50 , ,,,
okfn/ckanext-pakistan , 2014-05-02 12:27:08 , ,unk,,
okfn/ckanext-pdeu , 2014-01-24 13:50:38 , Custom CKAN Extension for PublicData.eu,local,,
okfn/ckanext-queue , 2011-12-02 10:20:05 , Async queueing for CKAN.,,,
okfn/ckanext-rdf , 2012-01-12 18:56:46 ," RDF features for CKAN. DCAT read/write API, integration with SPAQRL endpoint for (catalog) data.",,,
okfn/ckanext-sa , 2014-04-07 09:39:27 , Custom CKAN extension for data.sa.gov.au,local,,
okfn/ckanext-singapore , 2012-08-01 16:19:44 , ,,,
okfn/ckanext-social , 2012-06-18 16:08:06 , ,,,
okfn/ckanext-socrata , 2012-06-15 16:48:55 , ,,,
okfn/ckanext-stats , 2011-12-29 18:23:59 , ,,,
okfn/ckanext-storage , 2012-01-25 00:38:46 , CKAN storage extension.,,,
okfn/ckanext-tsbsatellites , 2014-05-08 11:55:33 , ,unk,,
okfn/ckanext-usertesting , 2013-05-09 16:37:34 , Small extension for a custom theme for user testing,unk,,
okfn/ckanext-vegaview , 2014-04-09 02:48:07 , VegaJS' view extension for CKAN,unk,,
okfn/ckanext-webhooks , 2011-12-01 12:03:22 , ,,,
okfn/ckanext-wordpresser , 2013-03-01 10:41:37 , Wordpress integration for CKAN,function,,
okfn/ckan-google-docs , 2012-04-04 00:44:38 , Google docs app script. ,,,
okfn/ckan-instances , 2014-05-05 08:41:42 , Repo for CKAN instances page,function,,
okfn/ckan-jenkins , 2012-10-31 10:44:34 , Backup of CKAN's jenkins scripts,,,
okfn/ckanjs-deprecated , 2012-11-28 12:18:49 , DEPRECATED - see https://github.com/okfn/ckan.js [Javascript client library and app for CKAN data hub software],,,
okfn/ckan-old , 2011-04-08 23:24:24 , MIRROR of primary mercurial repository for CKAN data hub software. Not guaranteed to be up to date.,,,
okfn/datadeck-deprecated , 2011-07-17 16:12:26 , CKAN Client JS app - replaced by https://github.com/okfn/datacatalog.js,,,
okfn/datastore-client , 2012-05-12 17:18:40 , CKAN DataStore client (in essence an ElasticSearch client) ,,,
okfn/ecportal-server-setup , 2013-03-27 13:06:40 , Installation instructions for CKAN 1.7.1 with the EC ODP extensions on RedHat Enterprise Linux (and CentOS) 6.,junk,,
OKirl/CKAN-CODP-Ireland , 2013-09-26 21:42:17 , Central Open Data Platform,unk,,
OKirl/CKAN-Hackathon , 2013-09-28 11:52:05 , CKAN-Hacathon,unk,,
OKirl/ODC , 2013-09-26 23:16:47 , Open Data Census (+Link/Upload datasets to ckanIRL),unk,,
onno/erlang-ckan , 2011-06-29 14:33:38 , Erlang implementation of the CKAN client API,,,
opencolorado/.NET-Wrapper-for-CKAN-API , 2013-04-24 19:48:15 , Provides a ASP.NET MVC 3 front-end for a CKAN repository that is intended to be used for providing a fully functioning data catalog for a CKAN group.  Also includes a C# wrapper for the CKAN API that can be used as a stand-alone client library for .NET development. against a CKAN repository.,function,,
opencolorado/OpenDataMap , 2013-05-21 03:21:30 , Generates a heat map from spatial datasets in a CKAN catalog,function,,
opencolorado/PHP-Wrapper-for-CKAN-API , 2012-06-01 03:42:59 , PHP front-end to CKAN API that is used on several sites using the colorado.ckan.net data catalog. Can be altered to be used elsewhere.,,,
open-data/ckan-datatools , 2013-08-22 16:36:22 , Command Line Interface for working with Government of Canada datasets in CKAN,local,,
open-data/ckanext-canada , 2014-04-17 17:09:30 , Government of Canada CKAN Extension - Extension à CKAN du Gouvernement du Canada,local,,
open-data/ckanext-canada-ckan-1.8 , 2013-02-12 17:14:25 , Archived version of Government of Canada CKAN Extension for ckan-1.8 - Extension à CKAN du Gouvernement du Canada,local,,
open-data/ckanext-datatable , 2013-08-06 14:04:12 , An implementation of CKAN's IResourcePreview interface that uses the WET datatables,function,,
open-data/ckanext-drupal , 2013-12-23 18:32:12 , This is simple CKAN extension that works with the od_package Drupal module,drupal,,
open-data/ckanext-recombinant , 2014-05-01 18:05:19 , Create datastore tables for organizations and provide combined output,function,,
open-data/ckanext-scheming , 2014-01-29 20:30:21 ," Easy, sharable custom CKAN schemas",junk,,This document describes a planned CKAN extension. The code here doesn't actually accomplish any of this yet.
open-data/ckanext-wet-boew , 2014-05-02 15:47:19 , CKAN extension that adds the Web Experience Toolkit to CKAN 2.0,function,,
open-data/opendata_package , 2013-06-17 14:00:34 , Drupal module for integrating datasets with CKAN,drupal,,
opendatatrentino/CKANalyze , 2014-03-26 08:51:41 , ,stats,,
opendatatrentino/ckan-api-client , 2014-05-06 10:14:16 , Python client for Ckan API.,client,*,
opendatatrentino/ckan-api-proxy , 2014-04-01 11:40:23 , Proxy to access Ckan API in a safer RESTful way,API,,
opendatatrentino/ckan-api-v2-tests , 2014-02-27 17:04:24 , Tests for Ckan API v2,testing,,
opendatatrentino/ckan-customization , 2013-06-19 14:44:01 ," Customize CKAN look and feel, labels and some minor behaviour for dati.trentino.it",local,,
opendatatrentino/ckan-custom-translations , 2013-12-04 10:45:38 , ,local,,
opendatatrentino/ckanext-datitrentinoit , 2014-03-25 15:41:56 , Ckan customizations for OpenData Trentino,local,,
opendatatrentino/ckanext-patcategories , 2013-08-13 21:30:57 , CKAN extension to offer a list of categories defined by Provincia Autonoma di Trento,local,,
opendatatrentino/ckanext-patform , 2013-08-13 21:27:09 , ,unk,,
opendatatrentino/ckanext-patgeo , 2013-05-16 14:12:57 , scraping script to populate CKAN from the geocatalog of Provincia Autonoma di Trento - http://www.territorio.provincia.tn.it/portal/server.pt/community/sgc_-_geocatalogo/862/sgc_-_geocatalogo/32157,local,,
opendatatrentino/ckanext-patstatweb , 2013-09-20 15:25:52 , Harvester script to populate CKAN from the server of the statistics department of the Provincia Autonoma di Trento,local,,
opendatatrentino/ckanext-sentry , 2014-02-19 16:16:24 , Hooks the Sentry's raven plugin into ckan/pylons wsgi middleware chain.,function,,
opendatatrentino/ckan-utils , 2013-08-22 10:57:44 , Miscellaneous utility scripts for ckan,function,,
opendatatrentino/Jackan , 2014-02-14 19:00:57 , Java client to access CKAN repositories. LGPL licensed.,client,,
opendatatrentino/opendata-harvester , 2014-05-07 13:00:14 ," Data crawlers, to download data and import into Ckan",function,,
openlexington/ckan-cookbook , 2014-04-23 23:47:13 , ,help,,
opennorth/ckan-automator , 2014-02-07 18:48:15 , Wrapper of the ckanapi package to manage CKAN via the API.,API,,
opennorth/ckanext-surrey , 2014-02-04 18:39:16 , CKAN extension for city of surrey,local,,
opennorth/ckanext-whiterock , 2014-05-07 18:44:12 , ,unk,,
openumea/ckan-utilities , 2012-12-11 08:24:41 , Utilities for OpenUmea's CKAN integration,,,
openumea/Facilities-example , 2013-09-03 07:38:23 , An example webpage to show off how to use javascript to talk to ckan.,help,,
openumea/UmeaMiljoHalsoKontroll-ckan , 2013-04-16 12:28:10 , Code to create and upload XML-files from MiljoHalsoKontroll to CKAN in ASP.NET,harvest,,
oslugr/ugr-opendata , 2014-04-30 08:42:22 , Aplicación web para la apertura de datos basada en CKAN,unk,,
pandyapm/release-v2.1.1 , 2013-12-13 19:39:04 , CKAN Release v.2.1.1,unk,,
PeeHaa/CkanConsumer , 2014-01-18 17:16:48 , None,unk,,
philippkueng/ckan-vagrant , 2014-04-08 23:18:55 , getting started in 15 minutes,unk,,
pjakobsen/hackathon-ckan , 2013-08-25 15:47:14 , ,unk,,
pkoskinen/ckanext-admin , 2014-04-15 10:12:00 , ,unk,,
pkoskinen/ckanext-comments , 2013-10-17 04:59:12 , ,unk,,
practicalweb/drupal-ckan , 2010-03-07 22:15:58 , A Drupal Module to integrate with CKAN,,,
PublicaMundi/ckanext-helloresource , 2013-12-13 08:22:19 , An helloworld CKAN plugin that demonstrates how to hook into the offline (queued) resource processing,help,,
PublicaMundi/ckanext-helloworld , 2013-12-13 09:38:56 , An helloworld CKAN plugin that demonstrates how to extend metadata schema with a couple of new fields,help,,
PublicaMundi/ckanext-publicamundi , 2014-05-02 01:08:42 , Publica Mundi main CKAN extension. http://www.publicamundi.eu,local,,
PublicaMundi/ckanext-vectorstorer , 2014-04-28 12:23:25 ," CKAN extension to upload vector geospatial data, store and publish through OGC services.",spatial,*,
pudo/ckan , 2011-11-10 16:58:12 , Comprehensive Knowledge Archive Network,,,
pudo/ckanext-offenedaten , 2011-09-27 13:27:09 , ,,,
Quatral/ckanext-contact_us , 2014-04-30 18:00:24 , CKAN Extension for a contact us form,function,*,
Quatral/ckanext-reclinepreview-fr , 2014-02-20 16:04:14 , Extracted reclinepreview translated in french,local,,
Quatral/ckanext-vds , 2014-03-27 15:29:59 , ,unk,,
rclark/ckanext-helloworld , 2012-12-11 23:07:28 ," ""Hello World"" extension for CKAN",,,
redlink-gmbh/ckanext-redlink , 2014-05-02 07:50:04 , CKAN extension to connect to Redlink triple store.,function,rdf,
regardscitoyens/nosdonnees , 2014-02-15 16:19:10 , French public open ckan,local,,
renatoaware/CKAN-Iota , 2013-08-02 14:15:27 , ,unk,,
reyebrow/CKAN , 2011-11-22 22:52:23 , Drupal module to allow integration with the CKAN API,,,
rgrp/ckan-explorer , 2014-03-03 10:30:01 , CKAN Data Explorer - explore data stored in a CKAN instance DataStore,function,,
rgrp/ckan-import , 2014-03-29 12:36:56 , Webapp to automate data import into CKAN and its DataStore.,harvest,*,
robin-cloud/build-CKAN , 2013-07-31 02:06:26 , install CKAN (v2.0) script with ubuntu 12.04 ,install,,
rossjones/ckanext-comments , 2014-02-11 15:20:47 ," Comments for CKAN urls (datasets, resources, organizations etc).",help,,
rossjones/ckanext-datapreview , 2012-12-06 11:02:38 , Local data previewer for CKAN that uses the resource cache instead of the remote data.,function,,
rossjones/ckanext-dgutests , 2013-01-04 11:01:19 , Selenium tests for data.gov.uk,testing,,
rossjones/ckanext-mo-observations , 2013-01-11 21:39:33 , Retrieves and stores weather observation data from the Met Office,function,,
rossjones/ckanext-pubsub , 2013-09-25 18:25:17 , Instant notifications for datasets.,function,,
rossjones/JCKANClient , 2013-01-17 10:07:41 , A Java client for CKAN,client,,
rparrapy/ckanext-datospy , 2014-05-08 20:17:06 , CKAN extension containing customizations for a Paraguayan Open Data Portal.,local,,
rshk/ckan3-poc-experiments , 2013-08-08 15:07:11 ," Experiments towards rethinking CKAN structure a bit, in order to make it simpler...",function,,
rshk/ckan-blackbox-testing , 2014-02-28 15:59:16 ,  Ckan black-box testing,testing,,
rshk/ckanext-api-ng , 2014-01-21 10:21:49 , New-generation API for Ckan (proposals for /api/4),API,,
rshk/ckan-guerrilla-gear , 2014-04-01 15:27:11 , Guerrilla Gear to try and tame some jungle - Ckan Pack,unk,,
rshk/ckan-vagrant , 2013-09-13 15:26:37 , ,install,,
samrose/ckan_vagrant_puppet , 2013-01-11 23:36:26 , dev env for ckan,install,,
sciamlab/ckan-eurovoc-classifier-poc , 2014-02-23 05:46:24 , EuroVoc Classifier for CKAN Datasets in Java,function,,
sciamlab/ckanext-opendatahub , 2014-03-15 21:19:30 , CKAN extension with the OpenDataHub,function,,
scraperwiki/open-your-data , 2013-07-12 13:39:23 , A ScraperWiki tool for publishing your data to CKAN sites.,function,,
sdrdl/ckanext-sdrdltheme , 2013-07-24 03:36:10 , Deisgn theme for CKAN,UI,,
seanh/ckanext-datesearch , 2013-08-20 14:23:47 , A CKAN extension that adds temporal facets (limit dataset search results to between two dates),function,,
seanh/ckanext-examplevocabs , 2012-07-11 10:37:20 , Example tag vocabularies CKAN plugin,function,,
seanh/ckanext-faster , 2013-08-22 20:39:08 , A CKAN extension that makes CKAN run faster,function,*,
seanh/ckanext-profile , 2013-08-22 20:34:34 , Add profiling to CKAN using repoze.profile,stats,,
seebi/ckan2debian , 2014-02-02 14:16:02 , A small script which creates a debian package from a ckan RDF dataset to allow installation of datadumps via apt-get.,function,,
SenseTecnic/ckanext-themeSmartStreets , 2013-11-20 20:26:15 , This repository will contain the ckan extension to override the default ckan front-end components with a Smart Streets theme.,local,,
SenseTecnic/ckanext-themeUrbanOpus , 2013-10-01 01:21:58 , ,local,,
SenseTecnic/ckanext-wotkit , 2013-12-11 00:05:11 , Extensions to the CKAN open data portal for WoTKit integration,function,,
serafimprestes/git-https---github.com-okfn-ckan.git-egg-ckan , 2013-07-29 16:09:36 , ,unk,,
Shamszaman/CKAN1 , 2014-02-07 14:24:00 , ,unk,,
shidax/ckanext_notification , 2013-09-27 02:31:30 , An example of CKAN extension. Notify new resource via the twitter,function,,
SilexConsulting/CKAN_PHP , 2014-04-16 17:03:54 , CKAN PHP Client,client,,
simonliu0315/ckanext-harvest , 2013-09-10 11:05:18 , ,harvest,,
socrata/data-importer , 2013-08-20 00:37:23 ," This tool is built to allow importing from one catalog into another.  Currently, it supports CKAN -> Socrata, but is modular to allow the other way around as well.",harvest,,
socrata/socrata-harvester , 2013-03-20 18:47:48 , A harvester to allow CKAN directories to keep in sync with a Socrata store,harvest,,
Softhouse/ckanext-opendata , 2014-03-05 09:01:51 , CKAN extension for oppnadata.se (Öppna Data) for Vinnova,local,,
sreeder/ckanext , 2014-01-08 16:29:35 , temporary location to store the ckan extension for iUtah Metadata ,junk,,
srkunze/ckanext-semantic , 2013-03-05 17:13:02 , integration of lodstats and personalization features based on it,unk,,
szeitlin/hub.healthdata.gov , 2014-04-01 20:57:51 ," webscraping via CKAN api, beautiful soup",harvest,,
tdt/ckanext-tdt , 2014-04-25 11:44:38 , A The DataTank extension for CKAN,function,," The DataTank is open source software, just like CKAN, Drupal or Elastic Search, which you can use to transform any dataset into an HTTP API."
tdt/core , 2014-05-05 10:07:07 ," The DataTank is open source software, just like CKAN, Drupal or Elastic Search, which you can use to transform any dataset into an HTTP API.",junk,,
the42/ckan-virtualisation , 2014-04-20 08:59:14 , This repository contains information for getting startet with CKAN from source using a virtualisaed environemnt,help,,
thejimmyg/ckanext-parkinsons , 2012-10-12 10:06:46 , CKAN Extensions for a Parkinsons Research Data Catalogue,,,
theodi/banquo , 2013-09-12 19:04:40 ," A set of scripts that, combined with the power of phantom.js, casper.js and a little bit of data-kitten, automagically creates ODI Open Data Certificates to Raw level for datasets that are hosted in CKAN repositories. Currently only tested for data.gov.uk.",function,,
thriuin/_ckanext-canada-atip-deprecated , 2013-03-11 21:29:24 , A command-line tool for datastore with ATIP,UI,,
thriuin/_ckanext-exampleform-deprecated , 2013-01-17 22:27:47 , Simple example of a custom form for CKAN 1.8.1,help,,
thriuin/ckan_client_demo , 2014-01-29 21:27:34 , Some basic examples of working with the Open Data Repository for data.gc.ca,help,,
thriuin/ckanaext-geogratis , 2013-11-26 15:09:01 , CKAN Extension for downloading updated datasets from NRCAN's Geogratis service,function,,
thriuin/ckanext-environmentcanada , 2013-11-20 19:14:24 , CKAN 2.0 Extension for importing Environment Canada ISO 19115 NAP files into data.gc.ca,harvest,*,
thriuin/ckanext-utilities , 2013-11-27 18:34:02 , Maintenance functions for data.gc.ca,function,,
thriuin/opendata_package , 2013-05-01 14:39:54 , Drupal module for integrating datasets with CKAN,drupal,,
tlevine/ckan-datasets , 2014-01-16 12:31:26 , None,unk,,
tlevine/download_ckan , 2014-04-24 15:51:50 , None,unk,,
tlevine/openprism , 2014-04-21 13:51:32 ," Type your search in one search bar, and get results from all of the Socrata and CKAN portals.",function,,
u10313335/ckan-docs-tw , 2014-02-09 06:51:42 , ckan 2.0 ??????,unk,,
ubiapps/ubiapps-api-ckanAdapter , 2014-04-01 14:56:28 , ubiapps adapter exposing the CKAN data-store,unk,,
UCHIC/CKANDev , 2014-05-01 17:40:41 , Development of extensions and tools for CKAN,function,,
unaguil/ckanext-extractor , 2013-07-29 09:39:21 , CKAN plugin for the automatic extraction of data sources,harvest,*,
unaguil/ckanext-metadata , 2014-03-11 08:34:34 , SPARQL endpoint analyzer and metadata generator for CKAN,unk,,
uq-eresearch/ckanext-midja , 2014-05-05 01:43:28 , CKAN theme for Midja Data Registry,local,,
VilledeMontreal/CKAN-Extension-Export-Utilisateurs , 2014-02-17 21:01:11 , Permet l'export de la liste des utilisateurs de CKAN en format CSV.,function,,
VilledeMontreal/CKAN-Extension-Territoire , 2014-02-19 14:02:16 , ,unk,,
vitorbaptista/chef-ckan , 2013-05-07 18:08:45 , Chef cookbook for CKAN.,install,,
webyrd/TAPL-in-miniKanren-cKanren-core.logic , 2014-02-25 22:48:48 , Translation of Pierce's 'Types and Programming Languages' into miniKanren/core.logic,junk,,
weso/ckanext-landportal_theme , 2014-03-13 12:55:32 , LandPortal theme for CKAN,local,,
weso/landportal-ckanext-drupal , 2014-02-17 17:58:40 , CKAN extension to manage logins and logouts from Drupal,drupal,,
WilJoey/tn_ckan , 2014-04-23 03:33:05 , Tainan ckan extention,local,,
wouterbeek/CKAN-2-RDF , 2014-05-07 09:11:41 , Allows the full metadata stored at CKAN sites to be stored into a single RDF file.,metadata,,
wrought/ckan_install , 2013-04-26 07:27:07 , BASH (and vagrant) installation script for CKAN 2.0 ,install,,
wwaites/curate , 2011-01-28 18:56:15 , CKAN Package Curation,,,
XVTSolutions/ckanext-clone , 2014-04-30 01:10:05 , ,unk,,
XVTSolutions/ckanext-dsactions , 2014-05-05 10:19:54 , ,function,,
XVTSolutions/ckanext-extend_search , 2014-05-05 10:21:20 , Extends Ckan's search with additional options,function,*,
XVTSolutions/ckanext-metameta , 2014-05-02 03:42:53 , generic metameta,function,,Allows Organisation defaults to be set by users who are Organisation administrators
XVTSolutions/ckanext-reorder , 2014-02-27 08:58:10 , Allows dataset editors to reorder the positioning of resources.,function,,
XVTSolutions/ckanext-review , 2014-05-05 10:18:51 , ,function,,
XVTSolutions/ckanext-spatialUI , 2014-03-13 02:44:46 , ,spatial,,
XVTSolutions/ckanext-suspend , 2014-05-05 10:22:43 , ,function,,
XVTSolutions/ckanext-vdojstats , 2014-05-05 10:20:35 , statistic function,function,*,
XVTSolutions/ckanext-vdojtheme , 2014-05-05 10:16:15 , ,unk,,
XVTSolutions/ckanext-xvt , 2014-02-25 01:25:51 , boilerplate ckan extension,function,,
yhteentoimivuuspalvelut/ckanext-ytp-dataset , 2014-04-08 06:50:36 , Chages to open data datamodel in YTP,unk,,
yhteentoimivuuspalvelut/ckanext-ytp-drupal , 2014-04-04 07:38:01 , CKAN Drupal data,drupal,,
yhteentoimivuuspalvelut/ckanext-ytp-main , 2014-04-07 12:58:55 , Avoindata main CKAN extension,unk,,
yhteentoimivuuspalvelut/ckanext-ytp-organizations , 2014-04-08 06:51:37 , YTP group CKAN extension,local,,
yhteentoimivuuspalvelut/ckanext-ytp-request , 2014-03-06 08:58:54 , Organization member request handling,function,*,
yhteentoimivuuspalvelut/ckanext-ytp-tasks , 2014-03-25 10:52:10 , Task handling for YTP,unk,,
yhteentoimivuuspalvelut/ckanext-ytp-theme , 2014-04-08 06:52:37 , ,local,,
yhteentoimivuuspalvelut/ckanext-ytp-tools , 2014-02-27 17:13:20 , Provides miscellaneous CKAN extension tools,function,,
yhteentoimivuuspalvelut/ckanext-ytp-user , 2014-04-08 06:49:42 , User customizations for YTP project.,local,,
yhteentoimivuuspalvelut/ytp-assets-common , 2014-04-04 14:17:12 , Common assets for YTP Drupal and CKAN instances ,drupal,,
ykhadilkar-rei/data_gov_json_validator , 2014-02-20 22:22:25 , JSON Validator and CKAN Search,function,,
yunjiali/ckan-pakcage-crawler , 2014-03-17 13:23:27 , ckan-package-crawler,function,*,useful for mining content from ckan instance?
